Workbook

Sheet Tổng quan
A1: BI10 Round 01 – YAPPERS · Phân công 5 người
A2: Deadline nộp: 23:59 ngày 28/09/2026 · Nộp nội bộ: 20:00 ngày 28/09 · Deck: tối đa 22 slide, 16:9, tiếng Anh
A4: Cách dùng file:
A5: 1. Điền tên thật vào cột 'Tên thành viên' (ô vàng) ở bảng dưới.
A6: 2. Mỗi người mở tab hướng dẫn của mình (P1 … P5) và làm theo thứ tự các bước.
A7: 3. Cập nhật cột 'Trạng thái' trong tab 'Task list' (chọn từ dropdown) — tiến độ ở đây tự tính.
A8: 4. Đọc tab 'Quy tắc chung' trước khi bắt đầu. Review chéo theo tab 'Checklist review'.
A10: Vai trò | B10: Tên thành viên | C10: Phụ trách | D10: Slide sở hữu | E10: Nhánh git | F10: Tổng việc | G10: Đã xong | H10: Tiến độ | I10: Việc bắt buộc chưa xong
A11: P1 | C11: Task 1 – EDA + slide Giới thiệu | D11: 4, 5, 6, 7 + slide mới 8 | E11: p1-task1 | F11: =COUNTIF('Task list'!$B:$B,A11) -> 7 | G11: =COUNTIFS('Task list'!$B:$B,A11,'Task list'!$L:$L,"Xong") -> 0 | H11: =IF(F11=0,0,G11/F11) -> 0 | I11: =COUNTIFS('Task list'!$B:$B,A11,'Task list'!$G:$G,"Có",'Task list'!$L:$L,"<>Xong") -> 3
A12: P2 | C12: Task 2 – Financial Health | D12: 9, 10, 11 + slide mới 12 | E12: p2-task2 | F12: =COUNTIF('Task list'!$B:$B,A12) -> 5 | G12: =COUNTIFS('Task list'!$B:$B,A12,'Task list'!$L:$L,"Xong") -> 0 | H12: =IF(F12=0,0,G12/F12) -> 0 | I12: =COUNTIFS('Task list'!$B:$B,A12,'Task list'!$G:$G,"Có",'Task list'!$L:$L,"<>Xong") -> 2
A13: P3 | C13: Task 3 – Engagement | D13: 13, 14, 15 (không thêm slide) | E13: p3-task3 | F13: =COUNTIF('Task list'!$B:$B,A13) -> 7 | G13: =COUNTIFS('Task list'!$B:$B,A13,'Task list'!$L:$L,"Xong") -> 0 | H13: =IF(F13=0,0,G13/F13) -> 0 | I13: =COUNTIFS('Task list'!$B:$B,A13,'Task list'!$G:$G,"Có",'Task list'!$L:$L,"<>Xong") -> 7
A14: P4 | C14: Task 4 – Segmentation + dataset nộp kèm | D14: 16, 17 + slide mới 18 | E14: p4-task4 | F14: =COUNTIF('Task list'!$B:$B,A14) -> 7 | G14: =COUNTIFS('Task list'!$B:$B,A14,'Task list'!$L:$L,"Xong") -> 0 | H14: =IF(F14=0,0,G14/F14) -> 0 | I14: =COUNTIFS('Task list'!$B:$B,A14,'Task list'!$G:$G,"Có",'Task list'!$L:$L,"<>Xong") -> 3
A15: P5 | C15: Task 5 + ráp deck + nộp bài | D15: 1, 2, 3, 19, 20, 21 (mới), 22 | E15: main | F15: =COUNTIF('Task list'!$B:$B,A15) -> 10 | G15: =COUNTIFS('Task list'!$B:$B,A15,'Task list'!$L:$L,"Xong") -> 0 | H15: =IF(F15=0,0,G15/F15) -> 0 | I15: =COUNTIFS('Task list'!$B:$B,A15,'Task list'!$G:$G,"Có",'Task list'!$L:$L,"<>Xong") -> 7
A16: Tổng | F16: =SUM(F11:F15) -> 36 | G16: =SUM(G11:G15) -> 0 | H16: =IF(F16=0,0,G16/F16) -> 0 | I16: =SUM(I11:I15) -> 22
A18: Mạch chính của bài (không được lệch)
A19: • Chi tiêu vượt thu nhập (không phải thu nhập thấp) gây sức khỏe tài chính kém: spend-to-income r = −0.90, credit-utilization r = −0.86.
A20: • Cơ cấu chi tiêu đảo ngược khi căng thẳng: stressed (FHS<40) 72% discretionary vs healthy (FHS≥80) 40%.
A21: • Căng thẳng theo đợt: 0/999 khách căng thẳng kéo dài; nhóm crossover 43 khách = 52% mọi đợt stress.
A22: • Địa lý & tuổi là đòn bẩy yếu → nhắm theo tỷ lệ hành vi, không theo nhân khẩu học.
A23: • 4 segment (k-means k=4): 351 / 302 / 258 / 88 → kế hoạch 6 công cụ không trừng phạt.
A24: • LUẬT TUYỆT ĐỐI: financial_health_score KHÔNG BAO GIỜ dùng để từ chối tín dụng, giảm hạn mức, tăng lãi, khoá tài khoản.

Sheet Quy tắc chung
A1: Quy tắc chung – ai cũng phải đọc
A3: A. Luật của đề (sai là mất điểm nặng)
A4: # | B4: Luật | C4: Giải thích
A5: 1 | B5: Wellbeing, KHÔNG phải credit scoring | C5: financial_health_score không bao giờ dùng để từ chối tín dụng, giảm hạn mức, tăng lãi, khoá tài khoản. Không viết câu nào gợi ý điều đó.
A6: 2 | B6: So bằng tỷ lệ, không so VND tuyệt đối | C6: Thu nhập / hạn mức / số dư là dữ liệu tổng hợp bị thổi phồng. Dùng ratio, share, %.
A7: 3 | B7: Mỗi nhận định có số hoặc chart | C7: Không có câu khẳng định 'suông'. Số phải lấy từ taskN_output.txt.
A9: B. Setup máy (làm 1 lần, ~15 phút)
A10: Bước | B10: Lệnh / việc | C10: Ghi chú
A11: 1 | B11: git pull | C11: Lấy code mới nhất từ repo private thanh-tai-435/BI10GroupYAPPERS.
A12: 2 | B12: Copy thư mục BI10_ROUND01_DATASET/ vào gốc repo | C12: Bị git-ignore → xin P5 qua Drive/Zalo.
A13: 3 | B13: Chạy Python bằng lệnh py (KHÔNG dùng python) | C13: py = Python 3.12 có pandas, numpy, sklearn, matplotlib.
A14: 4 | B14: PYTHONUTF8=1 py draft/taskN.py | C14: Mỗi script phải có sys.stdout.reconfigure(encoding='utf-8') (tiếng Việt làm vỡ console).
A15: 5 | B15: So kết quả với draft/taskN_output.txt | C15: Giống nhau = setup đúng.
A16: 6 | B16: git checkout -b <nhánh của bạn> | C16: Xem cột 'Nhánh git' ở tab Tổng quan.
A17: 7 | B17: npm install (chỉ P5) | C17: Cần để chạy node draft/build_deck.js.
A19: C. Dữ liệu – tên file GÂY NHẦM
B20: File | C20: Nội dung
A21: DÙNG | B21: BI10_ROUND01_DATASET/consumer_financial_health_engagement_2025.csv | C21: Dữ liệu tháng (consumer-month): 10,992 dòng, 999 khách.
A22: DÙNG | B22: BI10_ROUND01_DATASET/consumer_transactions_2025.parquet/consumer_transactions_2025.csv | C22: Giao dịch: 1,852,394 dòng (là CSV dù thư mục tên .parquet). Có sẵn province_city, transaction_channel, transaction_day_of_week, transaction_hour.
A23: KHÔNG | B23: consumer_transactions_2025.csv.gz | C23: Thực ra là bản trùng của file tháng.
A24: KHÔNG | B24: consumer_transactions_2025.parquet.gz | C24: Bản nén của file giao dịch.
A25: Lưu ý | B25: Nhóm tuổi | C25: Tuổi nhỏ nhất 15 (7 khách 15–17) — không được bỏ khi chia bin.
A27: D. Ai được sửa file nào (tránh conflict git)
A28: File | B28: Ai sửa | C28: Ghi chú
A29: draft/taskN*.py, taskN_output.txt, taskN_findings.md | B29: Chủ task N
A30: draft/make_charts.py | B30: Mỗi người chỉ sửa khối # TASK N của mình | C30: Chart mới đặt tên tN_*.png
A31: draft/slide_outline.md | B31: Mỗi người chỉ sửa các slide mình sở hữu
A32: draft/build_deck.js, file .pptx | B32: CHỈ P5 | C32: Người khác gửi nội dung qua slide_outline.md
A34: E. Định nghĩa 'XONG' cho 1 hạng mục
A35: # | B35: Tiêu chí | C35: Cách làm
A36: 1 | B36: Code chạy được, nằm trong draft/taskN.py
A37: 2 | B37: Số liệu có trong taskN_output.txt | C37: PYTHONUTF8=1 py draft/taskN.py > draft/taskN_output.txt
A38: 3 | B38: 2–4 dòng insight trong taskN_findings.md | C38: Có số + ý nghĩa kinh doanh + caveat nếu cần
A39: 4 | B39: Nếu lên slide: chart PNG + bullet trong slide_outline.md | C39: PNG trong outputs/figures/
A40: 5 | B40: Đổi bất kỳ con số nào → báo P5 | C40: Số có thể nằm ở Executive Summary (slide 2) hoặc slide 19–22

Sheet Task list
A1: Task list – cập nhật trạng thái hằng ngày
A2: Chỉ sửa cột Trạng thái (L) và Ghi chú (M). Ô vàng = ô cần điền.
A4: ID | B4: Người | C4: Task | D4: Hạng mục | E4: Mô tả | F4: Ưu tiên | G4: Bắt buộc (đề yêu cầu) | H4: Slide | I4: Output | J4: Deadline | K4: Quá hạn? | L4: Trạng thái | M4: Ghi chú
A5: T1.1 | B5: P1 | C5: Task 1 | D5: Q3 – kênh theo tỉnh | E5: Tỷ trọng POS/QR/E-com/Mobile/Recurring (số GD + giá trị) cho 5 tỉnh + toàn quốc; stacked bar 100% | F5: Cao | G5: Có | H5: Slide mới (8) | I5: t1_province_channel.png | J5: 46292.5 | K5: =IF(AND(L5<>"Xong",NOW()>J5),"QUÁ HẠN","") | L5: Chưa làm
A6: T1.2 | B6: P1 | C6: Task 1 | D6: Q2 – độ dốc theo FHS | E6: Tỷ trọng discretionary theo bin FHS 10 điểm + thử ngưỡng <45 / ≥75 | F6: Cao | G6: Không | H6: 6 hoặc 8 | I6: t1_discretionary_gradient.png | J6: 46292.5 | K6: =IF(AND(L6<>"Xong",NOW()>J6),"QUÁ HẠN","") | L6: Chưa làm
A7: T1.3 | B7: P1 | C7: Task 1 | D7: Q1 – tháng 12 do category nào | E7: Mức tăng số GD T12 vs T2 theo category, top 5; kiểm tra timestamp có năm khác 2025 không | F7: Trung bình | G7: Không | H7: 5 | I7: bảng trong output | J7: 46292.5 | K7: =IF(AND(L7<>"Xong",NOW()>J7),"QUÁ HẠN","") | L7: Chưa làm
A8: T1.4 | B8: P1 | C8: Task 1 | D8: Q4 – bổ sung | E8: % khách có mua Fuel / Groceries; số lần mua TB/khách/tháng | F8: Thấp | G8: Không | H8: 7 | I8: bảng trong output | J8: 46292.5 | K8: =IF(AND(L8<>"Xong",NOW()>J8),"QUÁ HẠN","") | L8: Chưa làm
A9: T1.5 | B9: P1 | C9: Task 1 | D9: Q5 – bootstrap CI tuổi | E9: CI 95% FHS trung bình từng nhóm tuổi (1000 lần) | F9: Trung bình | G9: Không | H9: 7 | I9: bảng CI (gửi P2 dùng chung) | J9: 46292.5 | K9: =IF(AND(L9<>"Xong",NOW()>J9),"QUÁ HẠN","") | L9: Chưa làm
A10: T1.6 | B10: P1 | C10: Task 1 | D10: Rà slide 4 Giới thiệu | E10: Kiểm tra số 999 / 1,852,394 / 10,992; 2 luật tỷ lệ + wellbeing | F10: Trung bình | G10: Có | H10: 4 | I10: slide_outline.md | J10: 46292.75 | K10: =IF(AND(L10<>"Xong",NOW()>J10),"QUÁ HẠN","") | L10: Chưa làm
A11: T1.7 | B11: P1 | C11: Task 1 | D11: Cập nhật & bàn giao | E11: Chạy lại script → output.txt; cập nhật findings + outline; push nhánh p1-task1 | F11: Cao | G11: Có | H11: 4–8 | I11: PR / báo P5 | J11: 46292.75 | K11: =IF(AND(L11<>"Xong",NOW()>J11),"QUÁ HẠN","") | L11: Chưa làm
A12: T2.1 | B12: P2 | C12: Task 2 | D12: Q3 – nghề / tuổi / tỉnh (slide mới) | E12: Dot plot FHS ± CI theo tỉnh (≥15 khách); gom 396 nghề → ~7 nhóm; bảng tuổi | F12: Cao | G12: Có | H12: Slide mới (12) | I12: t2_demographics.png | J12: 46292.5 | K12: =IF(AND(L12<>"Xong",NOW()>J12),"QUÁ HẠN","") | L12: Chưa làm
A13: T2.2 | B13: P2 | C13: Task 2 | D13: Thứ trong tuần / giờ | E13: So tháng stressed vs healthy: tỷ trọng chi tiêu theo thứ + giờ (file giao dịch) | F13: Trung bình | G13: Không | H13: 9 hoặc 12 | I13: t2_time_pattern.png | J13: 46292.5 | K13: =IF(AND(L13<>"Xong",NOW()>J13),"QUÁ HẠN","") | L13: Chưa làm
A14: T2.3 | B14: P2 | C14: Task 2 | D14: Crossover – độ nhạy luật | E14: Lưới FHS <35/<40/<45 × engagement ≥p70/p75/p80 → số khách, số tháng, % stress | F14: Cao | G14: Không | H14: 11 | I14: bảng nhỏ trên slide | J14: 46292.5 | K14: =IF(AND(L14<>"Xong",NOW()>J14),"QUÁ HẠN","") | L14: Chưa làm
A15: T2.4 | B15: P2 | C15: Task 2 | D15: Q2 – FHS theo quintile | E15: Bar FHS theo 5 nhóm spend_to_income | F15: Thấp | G15: Không | H15: 10 | I15: t2_fhs_by_quintile.png | J15: 46292.5 | K15: =IF(AND(L15<>"Xong",NOW()>J15),"QUÁ HẠN","") | L15: Chưa làm
A16: T2.5 | B16: P2 | C16: Task 2 | D16: Cập nhật & bàn giao | E16: Output.txt + findings + outline; báo P5 nếu số 43 / 52% đổi | F16: Cao | G16: Có | H16: 9–12 | I16: PR / báo P5 | J16: 46292.75 | K16: =IF(AND(L16<>"Xong",NOW()>J16),"QUÁ HẠN","") | L16: Chưa làm
... A40: T5.10 | B40: P5 | C40: Nộp bài | D40: Đổi tên + ZIP + nộp | E40: YAPPERS_<Leader>_BI10_R01.pptx + _data.zip | F40: Cao | G40: Có | H40: — | I40: file nộp | J40: 46293.833 | K40: =IF(AND(L40<>"Xong",NOW()>J40),"QUÁ HẠN","") | L40: Chưa làm

Sheet P1 – Hướng dẫn
A1: P1 · Task 1 – Exploratory Data Analysis
A2: Làm theo thứ tự từ trên xuống. Cập nhật trạng thái ở tab 'Task list'.
A3: Đã có sẵn: | B3: draft/task1_eda.py · task1_findings.md · chart t1_monthly_spend, t1_essential_discretionary, t1_category_ticket, t1_age_cohort · slide 4–7
A5: ID | B5: Việc | C5: Cách làm chi tiết | D5: Code gợi ý (pandas / sklearn) | E5: Kết quả cần có
A6: T1.1 | B6: Q3 – bảng kênh theo tỉnh [BẮT BUỘC] | C6: Đề yêu cầu 'compare their channel breakdown (POS vs digital channels)' cho ≥2 tỉnh. Hiện mới có digital share tổng. • 5 tỉnh: Hà Nội, Đồng Nai, Lâm Đồng, Hưng Yên, Hải Phòng + dòng Toàn quốc. • Tính tỷ trọng theo SỐ GIAO DỊCH và theo GIÁ TRỊ chi tiêu cho 5 kênh. • Chart: stacked bar 100% nằm ngang (6 thanh). • Kết luận giữ nguyên: chênh lệch trong ±0.5pp → địa lý không phải đòn bẩy. | D6: cnt = pd.crosstab(tx.province_city, tx.transaction_channel, normalize='index') val = pd.crosstab(tx.province_city, tx.transaction_channel, values=tx.spend_amount_vnd, aggfunc='sum', normalize='index') nat = tx.groupby('transaction_channel').spend_amount_vnd.sum() / tx.spend_amount_vnd.sum() | E6: Slide mới 8 + t1_province_channel.png
A7: T1.2 | B7: Q2 – độ dốc theo FHS | C7: Chứng minh đảo chiều là LIÊN TỤC, không do chọn ngưỡng 40/80. • Chia FHS (cấp tháng) thành bin 10 điểm, tính discretionary share = sum(discretionary)/sum(total) mỗi bin. • Line chart; nếu giảm đều → ghi 'monotonic'. • Thử thêm ngưỡng FHS<45 vs ≥75 → tỷ trọng có giữ không. | D7: mon['bin'] = pd.cut(mon.financial_health_score, range(0,101,10)) g = mon.groupby('bin')[['discretionary_spend_vnd','total_spend_vnd']].sum() g['disc_share'] = g.discretionary_spend_vnd / g.total_spend_vnd | E7: Slide 6 (hoặc 8) + t1_discretionary_gradient.png
A8: T1.3 | B8: Q1 – tháng 12 tăng vì category nào | C8: • Số GD theo category tháng 12 vs tháng 2 → mức tăng tuyệt đối & %; top 5 đóng góp. • Kiểm tra caveat 'gộp 2 năm': pd.to_datetime(tx.activity_datetime).dt.year.value_counts(). Ghi rõ kết quả. | D8: p = tx.pivot_table(index='spending_category', columns='transaction_month', values='transaction_id', aggfunc='count') (p[12]-p[2]).sort_values(ascending=False).head(5) | E8: Bullet slide 5
A9: T1.4 | B9: Q4 – bổ sung | C9: • % khách có ít nhất 1 GD Fuel / Groceries. • Số lần mua trung bình / khách / tháng mỗi category. | D9: tx.groupby('spending_category').consumer_id.nunique() / 999 | E9: Bullet slide 7
A10: T1.5 | B10: Q5 – bootstrap CI theo tuổi | C10: • FHS cấp khách (mean 12 tháng), bin tuổi 15–24, 25–34, …, 65+ (giữ 7 khách 15–17). • Bootstrap 1000 lần → CI 95%. CI chồng nhau → tuổi là tín hiệu yếu. • Gửi bảng CI cho P2 dùng chung. | D10: rng = np.random.default_rng(42) ci = [np.percentile([rng.choice(v, len(v)).mean() for _ in range(1000)], [2.5, 97.5])] | E10: Bullet slide 7
A11: T1.6 | B11: Rà slide 4 – Giới thiệu | C11: Kiểm tra số: 999 khách, 1,852,394 giao dịch, 10,992 consumer-month. Có đủ 2 luật: tỷ lệ + wellbeing. | E11: slide_outline.md
A12: T1.7 | B12: Cập nhật & bàn giao | C12: Chạy lại script → output.txt; viết insight vào findings; sửa slide 4–8 trong slide_outline.md; thêm chart vào khối # TASK 1 của make_charts.py; push nhánh p1-task1; nhắn P5. | D12: PYTHONUTF8=1 py draft/task1_eda.py > draft/task1_output.txt | E12: PR / báo P5

Sheet P2 – Hướng dẫn
A1: P2 · Task 2 – Financial Health
A2: Làm theo thứ tự từ trên xuống. Cập nhật trạng thái ở tab 'Task list'.
A3: Đã có sẵn: | B3: draft/task2.py · task2_findings.md · chart t2_fhs_distribution, t2_low_health_drivers, t2_crossover · slide 9–11 (cũ 8–10)
A5: ID | B5: Việc | C5: Cách làm chi tiết | D5: Code gợi ý (pandas / sklearn) | E5: Kết quả cần có
A6: T2.1 | B6: Q3 – nghề / tuổi / tỉnh [BẮT BUỘC, slide mới 12] | C6: Deliverable 3 của đề chưa có slide riêng. • Tỉnh: dot plot FHS trung bình ± CI 95% cho tỉnh ≥15 khách, kèm đường TB toàn quốc. • Nghề: 396 nghề × ≤10 khách → gom ~7 nhóm bằng từ khoá (sinh viên/học sinh; kinh doanh/buôn bán; nhân viên/văn phòng; công nhân/lao động; giáo viên/bác sĩ/kỹ sư/chuyên gia; hưu trí; khác). Dict mapping viết rõ trong code. • Tuổi: dùng bảng 6 nhóm + CI từ P1 (thống nhất số). • Kết luận mong đợi: nhân khẩu học chênh ít → nhắm theo tỷ lệ hành vi. Nhóm nghề nào khác thật thì nói thẳng. | D6: GROUPS = {'Sinh viên': ['sinh viên','học sinh'], 'Kinh doanh': ['kinh doanh','buôn bán','chủ'], ...} def grp(o): o = o.lower() return next((g for g, kws in GROUPS.items() if any(k in o for k in kws)), 'Khác') cons['occ_group'] = cons.occupation.map(grp) | E6: Slide mới 12 + t2_demographics.png
A7: T2.2 | B7: Thứ trong tuần / giờ (đề gợi ý dùng file giao dịch) | C7: • Ghép tx với nhãn tháng stressed (FHS<40) / healthy (FHS≥80) theo consumer_id + tháng. • So tỷ trọng chi tiêu theo transaction_day_of_week và transaction_hour. • Có pattern (vd. stress chi nhiều cuối tuần / đêm) → gửi P5 làm 'thời điểm gửi Spend Alert'. | D7: lab = mon[['consumer_id','analysis_month','financial_health_score']] # chuẩn hoá tháng về số 1–12 trước khi merge tx.merge(lab, left_on=['consumer_id','transaction_month'], right_on=['consumer_id','month']) | E7: Slide 10 hoặc 12 + t2_time_pattern.png
A8: T2.3 | B8: Crossover – độ nhạy luật | C8: Lưới FHS <35/<40/<45 × engagement ≥p70/p75/p80 → số khách, số tháng, % tổng đợt stress. Chứng minh 43 khách / 52% là lựa chọn hợp lý. | D8: for f in (35,40,45): for q in (.70,.75,.80): thr = mon.engagement_score.quantile(q) m = mon[(mon.financial_health_score<f)&(mon.engagement_score>=thr)] | E8: Bảng nhỏ trên slide 11
A9: T2.4 | B9: Q2 – FHS theo quintile spend/income | C9: Bar chart FHS TB theo 5 nhóm spend_to_income_ratio — trực quan hơn r = −0.90. | D9: mon['q'] = pd.qcut(mon.spend_to_income_ratio, 5, labels=['Q1','Q2','Q3','Q4','Q5']) | E9: Slide 10
A10: T2.5 | B10: Cập nhật & bàn giao | C10: Output.txt + findings + slide_outline (slide 9–12). Giữ caveat 'directional, không nhân quả'. Nếu 43 / 52% thay đổi → báo P5 ngay (có ở slide 2, 19, 20, 22). | D10: PYTHONUTF8=1 py draft/task2.py > draft/task2_output.txt | E10: PR / báo P5

Sheet P3 – Hướng dẫn
A1: P3 · Task 3 – Customer Engagement
A2: Làm theo thứ tự từ trên xuống. Cập nhật trạng thái ở tab 'Task list'.
A3: Đã có sẵn: | B3: draft/task3.py · task3_findings.md · chart t3_engagement_dist, t3_channel_mix, t3_diversity_vs_engagement, t3_health_vs_engagement_quadrant · slide 13–15 (cũ 11–13)
A5: ID | B5: Việc | C5: Cách làm chi tiết | D5: Code gợi ý (pandas / sklearn) | E5: Kết quả cần có
A6: T3.1 | B6: D1 – % khách từng engagement segment | C6: Không chỉ '99% high/very high' — ghi % cho TỪNG nhóm của engagement_segment. Histogram + nhãn %. | D6: mon.engagement_segment.value_counts(normalize=True) | E6: Slide 13
A7: T3.2 | B7: D2 – online spend share | C7: • Nêu rõ con số TB online_spend_ratio cấp khách trên slide. • Thêm kênh theo nhóm tuổi hoặc theo segment của P4 (lấy nhãn từ task4_features.csv). | D7: seg = pd.read_csv('draft/task4_features.csv') # cột nhãn segment pd.crosstab(tx.merge(seg, on='consumer_id').segment, tx.transaction_channel, normalize='index') | E7: Slide 13
A8: T3.3 | B8: D3 – category diversity | C8: • Histogram phân phối (2–14) cạnh scatter hiện có. • Tính lại r chỉ với khách diversity ≥ 8 — kiểm tra r = +0.94 có bị nhóm đuôi kéo không. Ghi thẳng kết quả. | D8: c = cons[cons.category_diversity>=8]; c.category_diversity.corr(c.engagement_score) | E8: Slide 14
A9: T3.4 | B9: D4 – heatmap Recency × Frequency | C9: Bin transaction_recency_days × bin active_transaction_days, màu = engagement TB, ghi số khách mỗi ô. Hợp dữ liệu hơn bảng số. | D9: pd.pivot_table(cons, index=pd.cut(cons.transaction_recency_days, [...]), columns=pd.cut(cons.active_transaction_days, [...]), values='engagement_score') | E9: Slide 14 + t3_rf_heatmap.png
A10: T3.5 | B10: D5 – bảng độ nhạy cutoff Q5 | C10: Đề hỏi 'vì sao chọn cutoff này thay vì chặt / lỏng hơn'. Lưới FHS ≥65/70/75 × engagement <60/65/70/75 → số khách. Làm nổi ô 70/70 = 25 khách. | D10: for h in (65,70,75): for e in (60,65,70,75): n = ((cons.financial_health_score>=h)&(cons.engagement_score<e)).sum() | E10: Slide 15
A11: T3.6 | B11: D6 – lý do chọn chart | C11: Mỗi chart 1 dòng trong findings: vd. 'Histogram vì biến liên tục, lệch trái'. P5 đưa vào speaker note. | E11: task3_findings.md
A12: T3.7 | B12: Cập nhật & bàn giao | C12: Output.txt + findings + slide_outline (13–15). Không thêm slide — thay chart tốt hơn. | D12: PYTHONUTF8=1 py draft/task3.py > draft/task3_output.txt | E12: PR / báo P5

Sheet P4 – Hướng dẫn
A1: P4 · Task 4 – Customer Segmentation
A2: Làm theo thứ tự từ trên xuống. Cập nhật trạng thái ở tab 'Task list'.
A3: Đã có sẵn: | B3: draft/task4.py (k-means k=4, silhouette 0.251, 999/999) · task4_features.csv · chart t4_segment_sizes, t4_segment_profiles, t4_silhouette · slide 16–17 (cũ 14–15)
A5: ID | B5: Việc | C5: Cách làm chi tiết | D5: Code gợi ý (pandas / sklearn) | E5: Kết quả cần có
A6: T4.1 | B6: Preprocessed dataset + dictionary [BẮT BUỘC] | C6: • task4_features.csv: 1 dòng/khách, 8 feature thô + 8 feature z-scale (cột z_*) + nhãn segment + age/gender/occupation/province. • data_dictionary_task4.md: tên cột, ý nghĩa, công thức, đơn vị. • Gửi cả hai cho P5 đưa vào ZIP. | D6: z = pd.DataFrame(X, index=cons.index, columns=['z_'+c for c in feat]) cons.join(z).join(demo).to_csv('draft/task4_features.csv') | E6: 2 file cho ZIP
A7: T4.2 | B7: Kiểm định độ bền (slide mới 18) | C7: • 20 random_state → ARI so với nghiệm gốc (>0.8 = ổn). • Bootstrap 80% × 50 lần → % khách giữ segment. • GMM k=4: ARI vs k-means + % khách có xác suất max < 0.6 ('ở biên'). • PCA 2D scatter tô màu segment. | D7: from sklearn.metrics import adjusted_rand_score from sklearn.mixture import GaussianMixture from sklearn.decomposition import PCA aris = [adjusted_rand_score(km.labels_, KMeans(4, n_init=10, random_state=s).fit(X).labels_) for s in range(20)] gm = GaussianMixture(4, random_state=42).fit(X); (gm.predict_proba(X).max(1) < .6).mean() | E7: Slide mới 18 + t4_pca.png
A8: T4.3 | B8: Dịch chuyển segment theo tháng | C8: Gán mỗi dòng consumer-month vào centroid gần nhất (DÙNG CÙNG scaler đã fit trên cấp khách) → ma trận chuyển tháng t → t+1. Trả lời: % khách Healthy trượt sang Stretched ở T11–12? Gửi số cho P5 (Planning Reminder trước T12). | D8: sc = StandardScaler().fit(cons[feat]); mon['seg'] = km.predict(sc.transform(mon[feat])) mon = mon.sort_values(['consumer_id','analysis_month']); mon['next'] = mon.groupby('consumer_id').seg.shift(-1) pd.crosstab(mon.seg, mon.next, normalize='index') | E8: Slide 18 + t4_transition.png
A9: T4.4 | B9: Hồ sơ nhân khẩu từng segment | C9: Tuổi TB, % nữ/nam, top 3 tỉnh mỗi segment → segment không trùng nhân khẩu → công bằng. Thống nhất số giới (56.6% vs 49.4%) với P5. | D9: cons.groupby('cluster').agg(age=('age','mean'), male=('gender', lambda g:(g=='Nam').mean())) | E9: Slide 17
A10: T4.5 | B10: Ánh xạ sang tên nhóm đề gợi ý | C10: Bảng: nhóm đề gợi ý → segment tương ứng / vì sao không thành cụm riêng. 25 khách high-health-low-engagement của P3 nằm ở segment nào? | E10: findings + slide 17
A11: T4.6 | B11: Limitations & Future Work | C11: ≥3 bullet trên slide: silhouette vừa phải (0.251); mean che quỹ đạo; dữ liệu tổng hợp 1 năm. Future: GMM, feature xu hướng, bootstrap, dữ liệu nhiều năm. | E11: Slide 17 hoặc 18
A12: T4.7 | B12: Cập nhật & bàn giao | C12: Output.txt + findings + slide_outline (16–18) + gửi dataset. | D12: PYTHONUTF8=1 py draft/task4.py > draft/task4_output.txt | E12: PR / báo P5

Sheet P5 – Hướng dẫn
A1: P5 · Task 5 + ráp deck + nộp bài
A2: Làm theo thứ tự từ trên xuống. Cập nhật trạng thái ở tab 'Task list'.
A3: Đã có sẵn: | B3: draft/task5.py · task5_findings.md · chart t5_priority_ranking, t5_target_sizes · build_deck.js · YAPPERS_BI10_R01.pptx · slide 1–3, 19–22
A5: ID | B5: Việc | C5: Cách làm chi tiết | D5: Code gợi ý (pandas / sklearn) | E5: Kết quả cần có
A6: T5.1 | B6: Tác động dự kiến – kịch bản (slide mới 21) | C6: • Hồi quy đơn FHS ~ spend_to_income (cấp tháng) → hệ số. • Kịch bản: 302 khách Stretched giảm spend/income 5% / 10% → FHS tăng bao nhiêu, bao nhiêu tháng thoát FHS<40. • Ghi rõ 'kịch bản giả định, không phải dự báo'. | D6: b, a = np.polyfit(mon.spend_to_income_ratio, mon.financial_health_score, 1) s = mon[mon.consumer_id.isin(stretched)]; new = a + b*s.spend_to_income_ratio*0.9 ((s.financial_health_score<40)&(new>=40)).sum() | E6: Slide 21 + t5_impact.png
A7: T5.2 | B7: KPI + A/B test | C7: Mỗi công cụ 1 KPI: Budgeting → spend/income; Alerts → % tháng stress; Reminders → biến động T12; Education → essential ratio; Nudges → category diversity; Products → tỷ lệ opt-in. Đo bằng A/B với nhóm đối chứng ngẫu nhiên. | E7: Slide 21
A8: T5.3 | B8: Lộ trình 30/60/90 | C8: Pha 1 (30 ngày): Budgeting + Alerts · Pha 2 (60): Reminders trước T12 · Pha 3 (90): Products, Nudges, Education. | E8: Slide 21
A9: T5.4 | B9: Cập nhật 6 đề xuất | C9: Lồng input đồng đội: giờ/ngày gửi alert (P2 T2.2), % trượt segment T11–12 (P4 T4.3), khách dùng QR/Mobile (P3 T3.2). | E9: task5_findings + slide 19
A10: T5.5 | B10: Rà luật tín dụng | C10: Đọc cả deck + speaker notes; xoá mọi câu có thể hiểu là dùng FHS cho quyết định tín dụng. Luật tuyệt đối giữ ở slide 20. | E10: —
A11: T5.6 | B11: Merge + build | C11: Merge nhánh p1–p4 → chạy lại toàn bộ theo thứ tự. | D11: for n in 1_eda 2 3 4 5; do PYTHONUTF8=1 py draft/task$n.py > draft/task${n%%_*}_output.txt; done PYTHONUTF8=1 py draft/make_charts.py node draft/build_deck.js "/c/Program Files/LibreOffice/program/soffice.exe" --headless --convert-to pdf --outdir draft/ draft/YAPPERS_BI10_R01.pptx pdftoppm -png -r 100 draft/YAPPERS_BI10_R01.pdf draft/slide | E11: Deck v2
A12: T5.7 | B12: Thêm 4 slide + cập nhật TOC | C12: Vị trí 8 (P1), 12 (P2), 18 (P4), 21 (P5). Cập nhật Table of Contents (slide 3). Xem tab 'Slide map'. | E12: build_deck.js
A13: T5.8 | B13: Soát số nhất quán | C13: Mọi số trên slide 2 và 19–22 phải khớp taskN_output.txt mới nhất. | E13: —
A14: T5.9 | B14: QA hình | C14: Xem từng PNG: không tràn chữ, chart không méo, font đọc được, ≤22 slide, 16:9, tiếng Anh, chart có caption/nguồn. | E14: PDF + PNG
A15: T5.10 | B15: Đổi tên + ZIP + nộp | C15: • Deck: YAPPERS_<TênLeader>_BI10_R01.pptx • ZIP: YAPPERS_<TênLeader>_BI10_R01_data.zip gồm draft/*.py, *_output.txt, *_findings.md, task4_features.csv + dictionary, outputs/figures/ • Nộp trước 20:00 ngày 28/09. | E15: File nộp

Sheet Slide map
A1: Slide map – deck cuối 22 slide
A2: Slide 'MỚI' do chủ sở hữu viết nội dung, P5 đưa vào build_deck.js
A4: Slide mới # | B4: Slide cũ # | C4: Tiêu đề | D4: Chủ sở hữu | E4: Chart | F4: Trạng thái
A5: 1 | B5: — | C5: Title | D5: P5 | E5: — | F5: Chưa xong
A6: 2 | B6: — | C6: Executive Summary | D6: P5 | E6: — | F6: Chưa xong
A7: 3 | B7: — | C7: Table of Contents | D7: P5 | E7: — | F7: Chưa xong
A8: 4 | B8: 4 | C8: Introduction to the Case | D8: P1 | E8: — | F8: Chưa xong
A9: 5 | B9: 5 | C9: T1 Q1 – December spending engine | D9: P1 | E9: t1_monthly_spend | F9: Chưa xong
A10: 6 | B10: 6 | C10: T1 Q2 – Budget inversion (spine) | D10: P1 | E10: t1_essential_discretionary | F10: Chưa xong
A11: 7 | B11: 7 | C11: T1 Q3–Q5 – Where the signal is NOT | D11: P1 | E11: t1_category_ticket, t1_age_cohort | F11: Chưa xong
A12: 8 | B12: MỚI | C12: T1 Q3 – Channel breakdown by province | D12: P1 | E12: t1_province_channel | F12: Chưa xong
A13: 9 | B13: 8 | C13: T2 Q1 – Health band, episodic distress | D13: P2 | E13: t2_fhs_distribution | F13: Chưa xong
A14: 10 | B14: 9 | C14: T2 Q2 – Low health = overspend | D14: P2 | E14: t2_low_health_drivers | F14: Chưa xong
A15: 11 | B15: 10 | C15: T2 Q4 – Stressed but Engaged crossover | D15: P2 | E15: t2_crossover | F15: Chưa xong
A16: 12 | B16: MỚI | C16: T2 Q3 – Occupation / age / province | D16: P2 | E16: t2_demographics | F16: Chưa xong
... A26: 22 | B26: 18 | C26: Closing / Impact | D26: P5 | E26: — | F26: Chưa xong
A28: Tổng số slide: | C28: =COUNTA(A5:A26) -> 22
A29: Giới hạn đề: | C29: 22
A30: Kiểm tra: | C30: =IF(C28<=C29,"OK","VƯỢT GIỚI HẠN") -> OK

Sheet Lịch
A1: Lịch làm việc
A2: Mốc nộp nội bộ 20:00 28/09 — dư 4 tiếng trước deadline 23:59
A4: Mốc | B4: Việc | C4: Ai | D4: Còn lại (giờ)
A5: 46291.875 | B5: Setup máy, chạy lại script của mình, đọc findings + slide outline + tab hướng dẫn | C5: Tất cả | D5: =IF(A5<NOW(),"Đã qua",ROUND((A5-NOW())*24,1)) -> 8.3
A6: 46292.5 | B6: Xong phân tích làm sâu; push code + output.txt | C6: P1–P4 | D6: =IF(A6<NOW(),"Đã qua",ROUND((A6-NOW())*24,1)) -> 23.3
A7: 46292.75 | B7: Xong chart + findings + bullet slide trong slide_outline.md | C7: P1–P4 | D7: =IF(A7<NOW(),"Đã qua",ROUND((A7-NOW())*24,1)) -> 29.3
A8: 46292.958 | B8: Deck v2 (22 slide) + PDF gửi nhóm | C8: P5 | D8: =IF(A8<NOW(),"Đã qua",ROUND((A8-NOW())*24,1)) -> 34.3
A9: 46293.5 | B9: Review chéo: P1↔P2, P3↔P4 soát số & logic; P5 soát cả deck + luật tín dụng | C9: Tất cả | D9: =IF(A9<NOW(),"Đã qua",ROUND((A9-NOW())*24,1)) -> 47.3
A10: 46293.75 | B10: Đóng băng nội dung, build bản cuối | C10: P5 | D10: =IF(A10<NOW(),"Đã qua",ROUND((A10-NOW())*24,1)) -> 53.3
A11: 46293.833 | B11: Nộp bài (deck + ZIP) | C11: P5 | D11: =IF(A11<NOW(),"Đã qua",ROUND((A11-NOW())*24,1)) -> 55.3
A12: 46293.999 | B12: HẠN CHÓT CỦA BAN TỔ CHỨC 23:59 | C12: — | D12: =IF(A12<NOW(),"Đã qua",ROUND((A12-NOW())*24,1)) -> 59.3

Sheet Checklist review
A1: Checklist review chéo
A2: Người review điền x vào ô vàng. P1↔P2, P3↔P4, P5 review toàn deck.
A4: Tiêu chí | B4: P1 (review bởi P2) | C4: P2 (review bởi P1) | D4: P3 (review bởi P4) | E4: P4 (review bởi P3) | F4: P5 (review bởi cả nhóm)
A5: Mỗi bullet có số hoặc chart
A6: Không so VND tuyệt đối giữa khách (chỉ dùng tỷ lệ / %)
A7: Không câu nào gợi ý dùng FHS cho tín dụng (từ chối, giảm hạn mức, tăng lãi, khoá)
A8: Số trên slide = số trong taskN_output.txt
A9: Chart có tiêu đề, trục, đơn vị, nguồn / caption
A10: Caveat đặt đúng chỗ (dữ liệu tổng hợp, mẫu nhỏ, không nhân quả)
A11: Tiếng Anh, không lỗi chính tả, không chữ tràn khung
A12: Deliverable bắt buộc của task đã có đủ (so với DeBai.md)
A13: Số tiêu chí đạt | B13: =COUNTIF(B5:B12,"x")&"/8" -> 0/8 | C13: =COUNTIF(C5:C12,"x")&"/8" -> 0/8 | D13: =COUNTIF(D5:D12,"x")&"/8" -> 0/8 | E13: =COUNTIF(E5:E12,"x")&"/8" -> 0/8 | F13: =COUNTIF(F5:F12,"x")&"/8" -> 0/8
